Right Shoulder Abduction;Right Shoulder Internal;Right Shoulder Flexion;Right Elbow Pronation;Right Elbow Flexion;Right Wrist Ulnar;Right Wrist Flexion;Right Hip Flexion;Right Knee Flexion;Right Ankle Dorsiflexion;Left Shoulder Abduction;Left Shoulder Internal;Left Shoulder Flexion;Left Elbow Pronation;Left Elbow Flexion;Left Wrist Ulnar;Left Wrist Flexion;Left Hip Flexion;Left Knee Flexion;Left Ankle Dorsiflexion;Right Pelvis X;Right Pelvis Y;Right Pelvis Z;Right Pelvis Q0;Right Pelvis Q1;Right Pelvis Q2;Right Pelvis Q3;Left Pelvis X;Left Pelvis Y;Left Pelvis Z;Left Pelvis Q0;Left Pelvis Q1;Left Pelvis Q2;Left Pelvis Q3
13,89028452;12,04854217;18,63090951;128,4196572;49,50102412;-6,810747436;-13,80786915;52,17733027;76,07530948;-4,173252222;12,74003148;11,22864071;17,28547328;123,0546432;48,70317069;-4,935876607;-14,31713128;52,52943474;77,76455027;-5,050820723;-0,119374803;-0,276953489;0,353553823;0,686875485;0,169194441;-0,180392041;0,673752658;-0,089659974;-0,282996634;0,352054241;0,666540197;0,16833725;-0,189517546;0,691753736
13,90142256;11,96278756;18,59902386;128,4684327;49,6021138;-6,810599669;-13,82550915;52,26468912;75,3462843;-4,178716945;12,75942717;11,13387713;17,21171312;123,1023705;48,85728611;-4,937138919;-14,32630658;52,65223011;76,91308549;-5,016884838;-0,119343804;-0,276978975;0,353542138;0,687001038;0,169325507;-0,180401573;0,673589085;-0,089651424;-0,283045361;0,352059335;0,666355457;0,168232443;-0,18958972;0,691936911
13,90852035;11,8870784;18,55627156;128,5274089;49,71002443;-6,811226309;-13,84318016;52,35443541;74,54067759;-4,151686199;12,78028644;11,03318946;17,1365032;123,1743547;49,01967364;-4,942309266;-14,33558688;52,78299636;75,97023856;-4,936717835;-0,119314383;-0,277009285;0,353535236;0,687143234;0,169482692;-0,180409919;0,673404728;-0,089640765;-0,28309921;0,352067147;0,666135855;0,168101404;-0,189663202;0,692160783
13,9136796;11,82333641;18,50741948;128,5929311;49,82433671;-6,80937697;-13,86217032;52,44191522;73,57573497;-4,076696028;12,80536959;10,92694209;17,06282725;123,2700302;49,18683963;-4,946932899;-14,34904863;52,91529088;74,85879389;-4,772512296;-0,119281458;-0,277038983;0,353529317;0,687301722;0,169673903;-0,18042427;0,67319736;-0,089633551;-0,28315771;0,352071548;0,665886237;0,167948263;-0,189747;0,69241529
13,91963971;11,76259737;18,4494483;128,6498795;49,9564851;-6,807411419;-13,87760042;52,54171387;72,46454669;-3,92823058;12,83440667;10,81865149;16,99062245;123,376237;49,37533259;-4,952588035;-14,3711242;53,05646869;73,59455831;-4,524069775;-0,11924812;-0,277072211;0,353525277;0,687503367;0,169861297;-0,180408162;0,672960255;-0,08961943;-0,283222237;0,352076504;0,665615512;0,167764044;-0,189843337;0,692692066
13,92795089;11,70147352;18,39081469;128,702807;50,09830733;-6,808488167;-13,89031789;52,64379738;71,21930765;-3,730379629;12,86320349;10,70966054;16,91709395;123,4848243;49,5795014;-4,956438088;-14,39813241;53,20104076;72,16537719;-4,226719263;-0,119212178;-0,277104768;0,353522381;0,687712433;0,170068269;-0,180391727;0,672716269;-0,089600104;-0,283283072;0,35208001;0,66530628;0,167575593;-0,189954909;0,693001037
13,9418921;11,62816558;18,3272882;128,74906;50,25466735;-6,812126318;-13,89967579;52,75008814;69,83819021;-3,481324928;12,89254891;10,5992508;16,84030823;123,5906556;49,80639663;-4,961903836;-14,42632899;53,34985611;70,57590689;-3,885114261;-0,119174498;-0,277132174;0,353521257;0,687929846;0,170295716;-0,18038762;0,67246307;-0,089575772;-0,283341757;0,352082644;0,664974148;0,16738899;-0,190077679;0,69332877
13,96013328;11,54385204;18,26328114;128,7854777;50,42001071;-6,821562693;-13,90692091;52,85852762;68,3007938;-3,195491703;12,9191837;10,4925278;16,76184805;123,6866319;50,04366152;-4,971265503;-14,45098891;53,48717685;68,79987992;-3,499128717;-0,119137171;-0,277150544;0,353520294;0,688143724;0,170528725;-0,180396299;0,67221296;-0,089550728;-0,283386823;0,352088444;0,664629587;0,167243623;-0,190255814;0,693647262
13,98477164;11,44588209;18,20012639;128,8147024;50,59278571;-6,833121002;-13,91425293;52,96351651;66,61604928;-2,871019636;12,94522612;10,38091685;16,67836693;123,7749473;50,2968588;-4,984568894;-14,470883;53,62329129;66,86550434;-3,067700502;-0,11909408;-0,277157149;0,35351924;0,688362349;0,170787773;-0,180443614;0,671949267;-0,089532962;-0,283424759;0,352091159;0,664281127;0,167117943;-0,19045506;0,693961608
14,01342181;11,34477346;18,13633521;128,825982;50,76496176;-6,842537235;-13,91766291;53,05844307;64,77588089;-2,511157265;12,97158559;10,26838007;16,59349066;123,8459691;50,55102487;-5,000662313;-14,48295547;53,74316386;64,75353542;-2,596174458;-0,119047864;-0,277151687;0,353520105;0,688565671;0,171066363;-0,180526058;0,671692663;-0,089529608;-0,2834472;0,352094835;0,663934336;0,167044341;-0,190703679;0,694256079
14,0460027;11,23916785;18,07131668;128,8205536;50,94064936;-6,848909539;-13,91693777;53,13639483;62,77425854;-2,098982583;13,00004078;10,14270131;16,50757024;123,9054181;50,81594338;-5,016892524;-14,4884073;53,85644925;62,48807879;-2,100182895;-0,118998017;-0,277131217;0,353525137;0,68875201;0,171391113;-0,180674966;0,671429138;-0,089542593;-0,283459738;0,352092351;0,663607203;0,167012379;-0,19097294;0,694519101
14,0814617;11,13070759;18,00465173;128,791457;51,11598393;-6,850487663;-13,90858138;53,20076394;60,62715297;-1,652854188;13,03372573;10,01397617;16,425764;123,9421414;51,07829322;-5,032189174;-14,48451657;53,95432264;60,06827179;-1,605393167;-0,118940896;-0,277098461;0,353535321;0,68893052;0,17174151;-0,180869918;0,671161215;-0,089577262;-0,28345714;0,352090503;0,663324561;0,167031798;-0,191271765;0,694724811
14,11909766;11,01910451;17,93591465;128,7390598;51,29624638;-6,846792772;-13,8900081;53,25435683;58,34858954;-1,184028626;13,06856705;9,875025443;16,34511574;123,9709201;51,3432517;-5,045481315;-14,47318493;54,04419214;57,52075724;-1,097518754;-0,118876599;-0,277052879;0,353549478;0,689090967;0,172117049;-0,181102339;0,670900502;-0,089620128;-0,283444463;0,35208487;0,663069606;0,167090906;-0,191579467;0,694897977
14,15696865;10,90705757;17,86558667;128,669657;51,48187744;-6,842177099;-13,86403242;53,29534959;55,94035417;-0,694554097;13,10484798;9,738569999;16,27157451;123,9831877;51,59375692;-5,056242299;-14,45154208;54,12135356;54,84577617;-0,601461933;-0,11880183;-0,276997073;0,353566047;0,689229413;0,172501621;-0,181379555;0,670651276;-0,089683428;-0,283419422;0,352072951;0,662861316;0,16719534;-0,191887862;0,695021159
14,19317474;10,79745569;17,79643819;128,5962903;51,66828028;-6,838328462;-13,82797581;53,32560309;53,40204783;-0,196318742;13,14393831;9,605679907;16,20404458;123,9818212;51,83261642;-5,0647582;-14,42517936;54,19233192;52,06829722;-0,10700572;-0,118717018;-0,276935619;0,353578603;0,689340988;0,172880997;-0,181673685;0,670428198;-0,089760039;-0,283387608;0,352051725;0,662696221;0,167326992;-0,192183151;0,695102643
14,22787389;10,69508698;17,73189228;128,5286718;51,85575323;-6,839756243;-13,78955817;53,34788907;50,75046001;0,304281132;13,18354856;9,480943571;16,14483829;123,9767953;52,05043595;-5,069692974;-14,39540019;54,25484198;49,20198017;0,395250444;-0,118623032;-0,276872307;0,35358493;0,689420044;0,173245911;-0,181986491;0,670239032;-0,089853717;-0,283348479;0,352022002;0,66258013;0,167488428;-0,192450713;0,695142023
14,25798869;10,60986282;17,67401512;128,4794647;52,03755261;-6,849624189;-13,74957541;53,36670761;47,99342646;0,798453828;13,22187606;9,371043421;16,0929126;123,9639325;52,25392691;-5,071224412;-14,36730803;54,31114841;46,25859792;0,898779354;-0,11852521;-0,276811027;0,353580456;0,689472975;0,173563782;-0,182280885;0,670090223;-0,089961083;-0,283308086;0,351984655;0,662511617;0,167674219;-0,192680628;0,695139428
14,28255074;10,54453525;17,62319792;128,4557504;52,21157992;-6,8676446;-13,71138393;53,38304265;45,15176894;1,277490875;13,25945295;9,278341138;16,04742481;123,9514212;52,44014177;-5,068099238;-14,34700556;54,3725295;43,28952498;1,406782384;-0,118423772;-0,276753789;0,353564382;0,6894916;0,173810107;-0,182539151;0,669999774;-0,090075279;-0,283271681;0,351939133;0,662505425;0,167856605;-0,19284044;0,69508981
14,30317798;10,50156354;17,58030198;128,4618387;52,38399558;-6,89152001;-13,67922743;53,40837379;42,27241225;1,744317626;13,29860695;9,204780262;16,00736273;123,9276545;52,61527489;-5,063079143;-14,33609113;54,43928191;40,32237321;1,933979273;-0,118328627;-0,276707818;0,353538385;0,689484479;0,173985183;-0,182731771;0,669965496;-0,090193;-0,283237821;0,351889505;0,662564817;0,168044043;-0,192949972;0,694984396
14,32034388;10,47832654;17,54765981;128,4859415;52,55017955;-6,92054664;-13,65332544;53,43004564;39,34942324;2,211091923;13,33931556;9,157133809;15,97760102;123,8929376;52,77449321;-5,059138926;-14,33531558;54,51418549;37,39445598;2,456203856;-0,118233674;-0,27666711;0,353503741;0,689450266;0,174113783;-0,182909277;0,669968698;-0,090318451;-0,283208723;0,35183426;0,662693744;0,168233614;-0,19299782;0,694822669
14,3382704;10,46991901;17,5242532;128,5194977;52,72559909;-6,955265339;-13,63912604;53,46716099;36,44542273;2,679690989;13,38124532;9,125696118;15,95152168;123,8531072;52,92609461;-5,057841301;-14,34500482;54,59991445;34,5172288;2,961474642;-0,118145174;-0,27663923;0,35346018;0,689396825;0,17419292;-0,183027722;0,670012921;-0,090445479;-0,28317932;0,351777219;0,662864751;0,168430472;-0,19299323;0,694629915
14,35901792;10,46944712;17,50964386;128,5456717;52,90070203;-6,990993563;-13,63787665;53,50446358;33,5534202;3,14173946;13,42465451;9,112550007;15,93308726;123,8091983;53,07584794;-5,05893359;-14,36854231;54,6957544;31,73001654;3,453440037;-0,118056286;-0,276617948;0,353413103;0,68931529;0,174250305;-0,183138379;0,670085768;-0,090571906;-0,28315426;0,351718452;0,663085456;0,168625759;-0,192931274;0,694405244
14,3848102;10,47176056;17,50103391;128,5546264;53,08509523;-7,026299841;-13,64932378;53,55188718;30,72927901;3,605809694;13,46600416;9,114292344;15,92135542;123,7713239;53,22278712;-5,062742136;-14,40599222;54,80088986;29,05416425;3,927473803;-0,117966866;-0,276608934;0,3533624;0,689213214;0,174272786;-0,183231187;0,670182286;-0,090702678;-0,283132501;0,351663661;0,663359888;0,168818442;-0,192829425;0,694138282
14,41802994;10,47345165;17,49899429;128,5425466;53,27805813;-7,063014106;-13,67414334;53,61025115;27,98730322;4,06548003;13,50436876;9,124023668;15,91362523;123,7491503;53,39124199;-5,069038873;-14,46390074;54,92703564;26,54522424;4,382955352;-0,11787243;-0,276609477;0,353309322;0,689084431;0,174256313;-0,183303569;0,670309139;-0,090829841;-0,283121447;0,351609653;0,663669297;0,168993658;-0,192676619;0,693851887
14,45973316;10,46806821;17,49414457;128,5144335;53,48517812;-7,098661652;-13,71037984;53,68410663;25,36625342;4,535217114;13,54103365;9,135647716;15,90710736;123,7514238;53,58069598;-5,073778764;-14,53301308;55,07074287;24,20754548;4,816892079;-0,117783925;-0,276621547;0,35324936;0,688921811;0,174201677;-0,18336671;0,670471819;-0,09095257;-0,283119611;0,351559887;0,664011214;0,16915744;-0,192495945;0,693542654
14,5103491;10,45817682;17,48763776;128,478874;53,71736938;-7,13853808;-13,75787497;53,78345116;22,89729833;5,003558073;13,5779925;9,146134184;15,89802121;123,7819869;53,81405281;-5,078462408;-14,61707326;55,2413067;22,09927175;5,241003318;-0,117705382;-0,276648084;0,353184331;0,688738453;0,174113735;-0,183400983;0,670656263;-0,091056493;-0,283137893;0,35151296;0,664362738;0,169298389;-0,192277899;0,693232144
14,57298253;10,43341631;17,47381464;128,4322178;53,97786891;-7,178450276;-13,81707968;53,90823717;20,62715768;5,459480163;13,62020711;9,150555106;15,88653135;123,8305229;54,08607283;-5,081960574;-14,70509605;55,4361936;20,22173115;5,647338902;-0,117644344;-0,276682835;0,353112475;0,68853646;0,174024935;-0,183437686;0,670850394;-0,091138897;-0,283174953;0,351467274;0,664729652;0,169417294;-0,192038733;0,69290792
14,64572302;10,40061826;17,44936674;128,378033;54,26740119;-7,219055758;-13,88999805;54,06009857;18,58030337;5,893625463;13,66198736;9,151998751;15,86966176;123,8883749;54,39857184;-5,086269766;-14,79515857;55,65191751;18,58393758;6,011346029;-0,117601867;-0,276721966;0,353039366;0,68833543;0,173940239;-0,183471141;0,671031319;-0,091201382;-0,283233441;0,351427413;0,665059621;0,169522997;-0,191772041;0,692617036
14,72661769;10,36271217;17,41706046;128,2969937;54,58709032;-7,256710965;-13,97316179;54,24220032;16,77341226;6,277616009;13,7029894;9,146986445;15,85118024;123,9455083;54,73332916;-5,093505222;-14,87897428;55,88041137;17,18147701;6,331341674;-0,117575467;-0,27676548;0,352962866;0,688141243;0,173849312;-0,183485805;0,671199565;-0,091246689;-0,283313887;0,351391969;0,66534744;0,169622468;-0,191497661;0,692357807
14,81232982;10,32439319;17,38468845;128,1932915;54,93225918;-7,290115276;-14,06780936;54,45218841;15,21071893;6,601137253;13,74668689;9,127490978;15,82752724;123,9848955;55,07935966;-5,100807212;-14,95266255;56,11310708;16,01667777;6,595606325;-0,117566614;-0,276817074;0,352882128;0,687966204;0,173751951;-0,183455927;0,671349225;-0,091274313;-0,283410664;0,351358443;0,665594345;0,169710606;-0,191236387;0,692131405
14,89804425;10,28675451;17,36070919;128,0643403;55,29178035;-7,316446294;-14,16134473;54,68315826;13,90013126;6,866128166;13,79094068;9,0881393;15,79773484;124,0020208;55,4218146;-5,100310945;-15,02330763;56,34767615;15,07432019;6,801700468;-0,117573312;-0,276881698;0,352798965;0,68783284;0,17364591;-0,183384534;0,671460679;-0,091287968;-0,283523841;0,351328338;0,665801735;0,169779984;-0,190980639;0,691940946
14,9790044;10,24204634;17,34140667;127,923819;55,65125816;-7,3307133;-14,252731;54,93108948;12,84003371;7,063561925;13,83752996;9,023798493;15,75929398;123,9969983;55,74469698;-5,088756995;-15,08593009;56,56979167;14,37115403;6,954561353;-0,117593891;-0,276959465;0,352714214;0,687734014;0,173531883;-0,183271014;0,671547671;-0,091282644;-0,283648397;0,351298314;0,665969338;0,169837879;-0,190775033;0,691779356
15,0533383;10,18128677;17,32044731;127,7985798;55,98998236;-7,332166526;-14,33304977;55,17605788;12,02632694;7,194342511;13,88076911;8,944911597;15,71746742;123,9802298;56,0409117;-5,068782595;-15,13947516;56,77701927;13,87278871;7,050764755;-0,117620757;-0,277038195;0,352633943;0,687656303;0,17344523;-0,183179065;0,671605584;-0,091265511;-0,283779507;0,351268625;0,666103097;0,169884598;-0,190596678;0,691648282
15,11930651;10,1031476;17,29467848;127,6914518;56,29512194;-7,319546601;-14,39334593;55,40885014;11,43617975;7,270895175;13,92186449;8,840888622;15,6710125;123,9613466;56,28650582;-5,042596403;-15,17157113;56,95541838;13,5821827;7,097060233;-0,117651386;-0,277118589;0,352560423;0,687598531;0,173371528;-0,183109125;0,67164399;-0,091234441;-0,283910858;0,351240669;0,666211021;0,169928426;-0,190469015;0,691539135
15,17619073;10,00708806;17,25732482;127,6143297;56,55996252;-7,297886995;-14,43552398;55,61741212;11,07471968;7,296170295;13,95682432;8,722045002;15,6233006;123,9472759;56,48129972;-5,017957102;-15,18081811;57,09789225;13,47551946;7,099637427;-0,117690528;-0,277192202;0,352496581;0,687556846;0,173332918;-0,183093131;0,671659444;-0,09119396;-0,284034484;0,351216413;0,666307493;0,169976239;-0,19040477;0,691437011
15,2217811;9,895238168;17,21030579;127,563575;56,78127532;-7,267950272;-14,459117;55,80539804;10,93221378;7,282563662;13,98444271;8,58948728;15,57411112;123,9335809;56,61712858;-4,991701495;-15,16540582;57,20228878;13,54721855;7,053710773;-0,117741225;-0,2772656;0,352441587;0,687541273;0,173295326;-0,183082738;0,671660836;-0,091145955;-0,284144776;0,351195384;0,666378047;0,170036502;-0,190390639;0,691357631
15,25567739;9,775940178;17,15335804;127,5380854;56,95168552;-7,23070302;-14,46499685;55,96719581;11,00621117;7,229673589;14,00374427;8,456210283;15,52671976;123,9279037;56,70572552;-4,970081111;-15,13348778;57,2738463;13,78933134;6,972526053;-0,117798427;-0,277333361;0,352394948;0,687546525;0,173273107;-0,183073957;0,671650852;-0,091098439;-0,28423964;0,351174916;0,666424917;0,170102709;-0,190417015;0,691299969
15,27608831;9,653309314;17,09030255;127,531269;57,06455734;-7,185811676;-14,45607213;56,09609476;11,26784321;7,142718333;14,01128761;8,337540597;15,48441296;123,926331;56,73189899;-4,952687131;-15,0858633;57,30395564;14,20363342;6,856489987;-0,117855865;-0,277392536;0,352357328;0,687555282;0,17325493;-0,183066722;0,671647426;-0,091048006;-0,284310712;0,351159673;0,666465527;0,17016699;-0,190473548;0,691252714
15,28158749;9,540966805;17,01956605;127,5372951;57,11699734;-7,137723894;-14,43415436;56,18814541;11,72000473;7,017392957;14,00672445;8,23510908;15,44730935;123,9385612;56,70815748;-4,940481959;-15,03200435;57,30081705;14,77634569;6,710531291;-0,117908654;-0,277441995;0,352328185;0,687570381;0,173235251;-0,1830594;0,671648736;-0,090995883;-0,284361521;0,351148065;0,666503137;0,170219207;-0,190542558;0,691216115
15,27023899;9,44848729;16,94905311;127,5653184;57,10597174;-7,094338209;-14,39767412;56,23662819;12,34380418;6,851291235;13,98631439;8,156798603;15,41610525;123,9622832;56,63414281;-4,935260356;-14,97227623;57,26242115;15,52037269;6,528070819;-0,117958705;-0,277479336;0,352309429;0,687587699;0,17322649;-0,18306989;0,671652129;-0,090944581;-0,284384634;0,351145452;0,666531475;0,1702669;-0,190633177;0,691190126
15,2459495;9,380523038;16,88082797;127,6084548;57,04045044;-7,058922804;-14,34738004;56,24811243;13,11323421;6,649527471;13,95528311;8,098879597;15,38877212;123,9937106;56,52457632;-4,938171084;-14,91001299;57,1928482;16,40049372;6,310979415;-0,118007057;-0,277508878;0,352298924;0,687603284;0,173210851;-0,183068883;0,67166806;-0,090891595;-0,284383443;0,35115177;0,666560856;0,170311797;-0,190760074;0,69116107
15,20668466;9,341078575;16,8191893;127,6804435;56,90734037;-7,03770072;-14,28020084;56,20783949;14,07143143;6,408712612;13,91138731;8,073606315;15,37351624;124,0345265;56,37949213;-4,956681189;-14,84464604;57,09037928;17,46052714;6,048768361;-0,118050558;-0,277519892;0,352303762;0,687610911;0,173227087;-0,183098895;0,671687791;-0,090835192;-0,284356094;0,351169701;0,666596907;0,170349303;-0,190914951;0,691121739
15,15819773;9,325403289;16,76855743;127,7641609;56,73340862;-7,029268329;-14,20730389;56,13399589;15,16772474;6,143817271;13,86361301;8,061524314;15,36289486;124,0764223;56,21591085;-4,982104909;-14,7777155;56,96699779;18,6551291;5,756880713;-0,118095093;-0,277515885;0,352322641;0,687615969;0,173257146;-0,183136592;0,671707051;-0,090774102;-0,284306803;0,35119925;0,666588468;0,170396193;-0,191097603;0,691118576
15,10450261;9,332268994;16,73389932;127,8511481;56,52854226;-7,033612776;-14,13459881;56,03134738;16,42728572;5,852879835;13,81036528;8,073529677;15,36216345;124,1172208;56,03026823;-5,017089995;-14,71148809;56,82113982;20,01126165;5,442940974;-0,118139094;-0,277492458;0,352358696;0,68761252;0,173314419;-0,183202132;0,671725717;-0,090706069;-0,284232287;0,351247585;0,666565465;0,170450545;-0,191316254;0,691118677
15,04983957;9,359438705;16,7204547;127,9381344;56,30337737;-7,050789123;-14,06261999;55,90247035;17,84316381;5,533721513;13,75954134;8,101225192;15,36623285;124,1467431;55,83900256;-5,060495291;-14,64663932;56,66215796;21,52228355;5,121201103;-0,118183103;-0,27745103;0,352411893;0,687611129;0,173400554;-0,183295404;0,671731541;-0,090633077;-0,284137487;0,351314234;0,666517344;0,170518982;-0,191582308;0,691123877
14,99976774;9,399276249;16,7240456;128,0191318;56,07217289;-7,077922334;-14,00032005;55,75679849;19,41439942;5,193234856;13,71170504;8,152417938;15,37859179;124,1612994;55,6349374;-5,111454712;-14,58605848;56,49118905;23,19138297;4,796731767;-0,118227843;-0,27739292;0,352481099;0,687610114;0,173514;-0,183429826;0,671723524;-0,090560607;-0,28402146;0,351400408;0,666444968;0,17059818;-0,191879148;0,691136644
14,95381601;9,450883948;16,74307128;128,0943257;55,83770975;-7,111650854;-13,94805068;55,60187997;21,14066686;4,836618398;13,66996035;8,219581398;15,39739833;124,1639273;55,42689039;-5,167012772;-14,52594501;56,31769327;25,00607108;4,460696187;-0,118272208;-0,277321966;0,352563467;0,6876068;0,173642984;-0,183581107;0,671709508;-0,09049079;-0,283891935;0,351499995;0,666353469;0,170681608;-0,192181246;0,691159343
14,91249577;9,512822637;16,77365404;128,1563476;55,60212065;-7,147134463;-13,90806106;55,44753567;23,0221691;4,464478831;13,63283445;8,305374837;15,42248885;124,1548355;55,21314737;-5,224861982;-14,46842167;56,13962359;26,95808614;4,105323971;-0,118314941;-0,277244539;0,3526551;0,687604321;0,173776144;-0,183740728;0,671687924;-0,090427714;-0,283753002;0,351609724;0,666262034;0,170770873;-0,192481465;0,691177127
14,87589913;9,590923935;16,81043556;128,2028388;55,37291092;-7,180508599;-13,88158091;55,30106492;25,05864149;4,077324567;13,60166753;8,399954991;15,450076;124,1530566;55,00322436;-5,282185145;-14,41351649;55,96688347;29,0366569;3,711247832;-0,118353362;-0,277165761;0,352755186;0,687611776;0,173903219;-0,183898507;0,671650408;-0,090372383;-0,283610277;0,351723656;0,666180568;0,170847991;-0,192767883;0,691185627
14,84500105;9,681379518;16,84878421;128,2305142;55,15597067;-7,211477087;-13,8639264;55,16689922;27,23657863;3,671353693;13,57639888;8,503792756;15,48206464;124,1585259;54,79182734;-5,334820096;-14,3628538;55,79877949;31,2388225;3,280808874;-0,118384426;-0,277087913;0,352863452;0,687623273;0,174019519;-0,184047706;0,671606465;-0,090325101;-0,283464308;0,35184121;0,666113264;0,170914711;-0,193039402;0,691182084
14,82171577;9,785707776;16,88861561;128,2455544;54,95516352;-7,239161928;-13,85297116;55,04440599;29,54948975;3,240524095;13,55465766;8,609655097;15,5165659;124,1745389;54,57854531;-5,379839554;-14,31683;55,63350372;33,5444338;2,817914046;-0,118405801;-0,277013351;0,352979045;0,68764097;0,174132889;-0,184193825;0,671552442;-0,090286676;-0,283319547;0,351960917;0,666030384;0,170979359;-0,193299801;0,691193417
14,80319347;9,900903244;16,928754;128,2563451;54,77039658;-7,266113624;-13,84500206;54,93305146;31,97391434;2,773103587;13,53765656;8,721663078;15,5562797;124,1919152;54,35976618;-5,412638235;-14,27887796;55,4702943;35,93859569;2,323922278;-0,118422215;-0,276942259;0,353100076;0,68766087;0,174234471;-0,184331559;0,671496739;-0,09025507;-0,283180625;0,352081887;0,665943878;0,171029161;-0,19352539;0,691215234
14,78639095;10,02646331;16,97203638;128,2757557;54,59352073;-7,29250621;-13,84075741;54,83324872;34,48412808;2,265103243;13,52322727;8,837993924;15,59981275;124,2093159;54,13606442;-5,431392459;-14,25045012;55,30658715;38,39209638;1,79763524;-0,118438741;-0,276878505;0,353221118;0,687683224;0,174311365;-0,184441707;0,671446769;-0,090232044;-0,283048685;0,352201843;0,665872751;0,171068646;-0,193721982;0,691229997
14,77014741;10,15179488;17,01498913;128,307979;54,41318088;-7,317001116;-13,83539273;54,74029132;37,05419891;1,726229815;13,5083625;8,963073445;15,64901147;124,2351815;53,90250641;-5,438512484;-14,22917724;55,14271162;40,88623579;1,2500676;-0,118456475;-0,276822721;0,353338824;0,687708785;0,174347689;-0,18449322;0,671410066;-0,090216587;-0,282928021;0,352316735;0,665815122;0,171069032;-0,193869382;0,691250829
14,75266274;10,27242528;17,06063411;128,361587;54,22144111;-7,335990218;-13,83267998;54,64744772;39,66415211;1,16997705;13,49191511;9,091184638;15,70375911;124,2709648;53,65849412;-5,43838255;-14,21259989;54,98140962;43,40131861;0,679430673;-0,118475802;-0,276776581;0,35345266;0,687732757;0,174345313;-0,184488377;0,671390623;-0,090205948;-0,28282144;0,352420511;0,665782483;0,171018813;-0,193949028;0,691276536
14,73145939;10,38606587;17,10973278;128,4334465;54,01652477;-7,350237874;-13,82251502;54,55232854;42,28166159;0,604195653;13,47111664;9,223457106;15,76229313;124,3139008;53,39734093;-5,432736659;-14,19905674;54,82158677;45,9150334;0,104683682;-0,1184961;-0,276744248;0,353561087;0,687768466;0,174294699;-0,184406762;0,671384334;-0,090197161;-0,282731022;0,352510607;0,665776866;0,170896077;-0,193945535;0,691316284
14,70235378;10,49330786;17,16690375;128,5116149;53,79681859;-7,356402037;-13,80449873;54,45014008;44,8907722;0,045255971;13,44322907;9,356357829;15,8253425;124,348016;53,11050058;-5,424431763;-14,18428836;54,65740606;48,39586653;-0,462148197;-0,118518133;-0,276723243;0,353662154;0,687818132;0,174205418;-0,184272554;0,671385475;-0,090184566;-0,282656523;0,352587872;0,665806234;0,170705347;-0,193858069;0,691358805
14,66437314;10,60266351;17,23265873;128,5791847;53,56120803;-7,353390932;-13,77714334;54,342368;47,47430096;-0,508319766;13,40703556;9,490837515;15,89297814;124,3645097;52,79765072;-5,407687669;-14,17116742;54,49100723;50,83547199;-1,015639244;-0,118545452;-0,276716417;0,353754283;0,687884198;0,174067583;-0,18407465;0,671396988;-0,090165482;-0,282604716;0,352650118;0,665844839;0,170434695;-0,19367701;0,691433539
14,61623592;10,71481666;17,31103585;128,6232122;53,30113992;-7,338333559;-13,74707951;54,22560601;50,01358131;-1,056251219;13,36483427;9,623118812;15,9655287;124,3678219;52,46771023;-5,385182096;-14,16209924;54,32274469;53,22467162;-1,552504285;-0,118579046;-0,27672241;0,353834271;0,687961298;0,173877767;-0,183818999;0,671425913;-0,090140745;-0,282569012;0,352700905;0,665892577;0,170106406;-0,193436108;0,691524359
14,55869732;10,83866188;17,40443031;128,6477315;53,01260776;-7,312366651;-13,7169116;54,09497556;52,4876891;-1,591666731;13,31578848;9,756614223;16,04357751;124,3598652;52,1257599;-5,357614894;-14,15445121;54,15128303;55,55559369;-2,076969428;-0,118621846;-0,276737918;0,353903091;0,688035892;0,173645845;-0,183513802;0,671478328;-0,0901094;-0,282548562;0,352742845;0,665954661;0,169742171;-0,193155991;0,691617554
14,49286055;10,96613205;17,51046935;128,6633773;52,69595945;-7,277237623;-13,68441863;53,95209381;54,88622472;-2,109456439;13,26031711;9,89638882;16,12933444;124,3487365;51,77998041;-5,33279462;-14,14473638;53,98028789;57,82356729;-2,588555737;-0,118674366;-0,276765769;0,353959195;0,68811173;0,173366586;-0,183150287;0,671553495;-0,090066644;-0,282540684;0,352776952;0,666030899;0,169360046;-0,192839693;0,691708053
14,41889342;11,10358491;17,62580882;128,6833887;52,35542565;-7,242036616;-13,64716639;53,79479882;57,19026895;-2,595158902;13,19952268;10,04263796;16,21972107;124,3385031;51,43918426;-5,314674829;-14,13219038;53,81130494;60,01327279;-3,07241589;-0,118734633;-0,276800254;0,354003666;0,688192289;0,173055243;-0,182754185;0,671638153;-0,090014132;-0,282541503;0,352806613;0,666111806;0,168957466;-0,192498189;0,691800285
14,34104617;11,24318052;17,7431425;128,7140726;51,99668512;-7,208471209;-13,60470379;53,62817649;59,40201629;-3,021658877;13,13514448;10,19213354;16,31572606;124,3278297;51,10088937;-5,305224385;-14,11120788;53,64143902;62,13088092;-3,511794101;-0,118801134;-0,276841795;0,35403857;0,688277266;0,172706888;-0,18232171;0,671730908;-0,089957322;-0,282547423;0,352831825;0,666194552;0,168548234;-0,19213875;0,691891792
14,26095458;11,38247692;17,86077019;128,7480133;51,62845421;-7,178601334;-13,5600996;53,45060139;61,51895568;-3,379062824;13,06970524;10,34166511;16,41355798;124,3188975;50,77165992;-5,299849787;-14,09070504;53,47595404;64,15120611;-3,868895474;-0,118872312;-0,276884696;0,354069792;0,688352105;0,172351639;-0,181895278;0,671828544;-0,089894504;-0,282558959;0,35285201;0,666270594;0,168145687;-0,191764187;0,691986324
14,17923576;11,51771345;17,97645219;128,7854399;51,2557639;-7,150784431;-13,52125083;53,26696303;63,5327102;-3,645502071;13,00812516;10,48708504;16,51269037;124,3019793;50,44987269;-5,295693266;-14,07120417;53,30956142;66,08325664;-4,159585964;-0,118945902;-0,276926029;0,354097372;0,688417163;0,171988339;-0,181480026;0,671928534;-0,089831298;-0,282572631;0,352868608;0,666347033;0,16778598;-0,191403427;0,692063732
14,09882129;11,64766083;18,08848029;128,8144011;50,89009489;-7,124403234;-13,49547365;53,07749159;65,43594941;-3,753749059;12,95333998;10,62519249;16,61154633;124,2694585;50,13883393;-5,28850847;-14,05899192;53,14665278;67,91208005;-4,380407633;-0,119023198;-0,276963345;0,35412309;0,688458602;0,171636895;-0,181101471;0,672034748;-0,089768146;-0,282591927;0,352880758;0,666411172;0,167475999;-0,191061172;0,692133173
14,02172524;11,77444901;18,19873024;128,8297259;50,5369371;-7,099750005;-13,48602406;52,88953128;67,2237932;-3,88752676;12,90895098;10,76040933;16,70902272;124,216222;49,84120636;-5,279628773;-14,05032671;52,98788689;69,6329878;-4,486844459;-0,119099254;-0,27699451;0,354148114;0,688473771;0,171307383;-0,180780401;0,672144924;-0,089712009;-0,282612636;0,352886983;0,666472383;0,167215851;-0,190744999;0,692185018
13,95083436;11,89781157;18,30784651;128,8265686;50,20861634;-7,07299858;-13,50020617;52,7077447;68,89505621;-3,966491304;12,87086544;10,88940249;16,80267054;124,1417681;49,5714224;-5,271021612;-14,0453977;52,83572446;71,22997205;-4,571398144;-0,119177284;-0,277020032;0,354171863;0,688465697;0,171008296;-0,180523406;0,672256883;-0,089666642;-0,282631463;0,352889297;0,66653618;0,167027486;-0,190480552;0,692202824
13,8890162;12,01363889;18,41458683;128,7978103;49,91313976;-7,040076164;-13,52972283;52,53318905;70,45428845;-4,002731091;12,8358655;11,01677425;16,89439611;124,0546196;49,32537633;-5,264227003;-14,04216535;52,69063766;72,7111458;-4,655915309;-0,119257187;-0,27703821;0,354195339;0,688426968;0,170745891;-0,180321812;0,672378691;-0,089626297;-0,282647346;0,352888542;0,666610627;0,166903609;-0,190258664;0,69218341
13,83930359;12,11707915;18,51466106;128,7548895;49,65877854;-7,004216811;-13,5567865;52,37032093;71,8763495;-3,973560334;12,80507467;11,13163058;16,97831336;123,9587613;49,11124278;-5,257583156;-14,04238977;52,55780211;74,05577114;-4,694429887;-0,119335765;-0,277048097;0,354216219;0,688354208;0,170525027;-0,180178759;0,672511335;-0,089593823;-0,282660462;0,35288147;0,666691435;0,166852179;-0,190080502;0,692127748
13,80404023;12,19996796;18,60188964;128,7061458;49,43717335;-6,966523732;-13,57118406;52,2200462;73,16480831;-3,857955919;12,780039;11,23543303;17,05756403;123,8603146;48,9227843;-5,250838949;-14,04583198;52,43994074;75,27668537;-4,699158334;-0,119408421;-0,277050254;0,3542305;0,688268447;0,17033824;-0,180085004;0,672639676;-0,089569602;-0,282671352;0,352866662;0,66678426;0,166849144;-0,189935336;0,692039514
13,78220087;12,26380866;18,67471899;128,6597391;49,24618429;-6,932046815;-13,5850119;52,08682982;74,29560766;-3,70134296;12,76114846;11,31672547;17,12524854;123,7712272;48,76205522;-5,245153751;-14,04543971;52,33581294;76,35732683;-4,699515324;-0,119471378;-0,277048396;0,354234259;0,688173054;0,170176494;-0,180036002;0,672764138;-0,089554419;-0,28267847;0,352844236;0,666879159;0,166899404;-0,189824388;0,69192747
13,77580007;12,30285527;18,7303677;128,6208818;49,08820219;-6,894656789;-13,60884776;51,97699949;75,26444689;-3,520579502;12,74892934;11,37748798;17,18449741;123,692172;48,62908549;-5,234477131;-14,05215897;52,24519447;77,30480647;-4,665327842;-0,119519175;-0,277043875;0,354227511;0,688059946;0,170043601;-0,180039615;0,672886766;-0,089546267;-0,282684666;0,35281608;0,666965754;0,167001908;-0,189753011;0,691801937
13,77986583;12,33168108;18,76948136;128,5793612;48,96377118;-6,858130524;-13,64799678;51,89138872;76,07108899;-3,364119874;12,74401418;11,4096757;17,2291391;123,6286223;48,52991238;-5,219257374;-14,06160525;52,16480706;78,08829365;-4,604974306;-0,119553526;-0,277039875;0,354211395;0,687936396;0,169935058;-0,180080329;0,673004094;-0,089544795;-0,282689117;0,352785117;0,66703308;0,167166827;-0,189740332;0,691669175
13,79050857;12,34904269;18,79216785;128,5377198;48,88174709;-6,826580532;-13,69964226;51,82604077;76,72778193;-3,276546837;12,74176662;11,42681592;17,26717219;123,5729403;48,44938425;-5,197404429;-14,06794502;52,09224928;78,72581248;-4,537823143;-0,119575434;-0,277034627;0,354191676;0,687805295;0,169875045;-0,180178816;0,673104531;-0,089544813;-0,282693515;0,352754377;0,667090649;0,167358512;-0,189761179;0,691532116
13,80587425;12,35934581;18,79521871;128,495071;48,8432456;-6,805207645;-13,75024999;51,78149215;77,21115126;-3,267567745;12,74513883;11,4197366;17,29345066;123,526826;48,40041351;-5,175192896;-14,0666644;52,03372696;79,18413296;-4,483116694;-0,11959068;-0,277031188;0,354173526;0,687669743;0,169883709;-0,180327462;0,673179274;-0,089550687;-0,282699169;0,352720193;0,667134584;0,167569866;-0,189811491;0,691402207
13,81907657;12,35986845;18,78715011;128,4644629;48,84112769;-6,792886229;-13,78172865;51,74599488;77,53349363;-3,317338315;12,74892527;11,40340976;17,31213442;123,4904833;48,37330834;-5,151213205;-14,06588189;51,98917869;79,49233542;-4,503869396;-0,119598634;-0,277029447;0,354156688;0,687537282;0,169944615;-0,180525518;0,673228287;-0,089558653;-0,28270542;0,352687947;0,66716939;0,167783626;-0,18988781;0,691280315
13,83146992;12,34752535;18,77149675;128,4340589;48,87361327;-6,787166953;-13,7967207;51,72406697;77,69836245;-3,423048507;12,75620481;11,3697253;17,31816277;123,4738621;48,38584663;-5,133678752;-14,0694563;51,97088509;79,62590902;-4,575421286;-0,119602251;-0,277030419;0,354141165;0,687408871;0,170050828;-0,180753874;0,673255768;-0,089565426;-0,282720343;0,352653725;0,667188585;0,167992;-0,189982069;0,691178286
13,83753632;12,32442272;18,75507173;128,4046353;48,92928865;-6,779802425;-13,8007645;51,7146336;77,73120209;-3,550374822;12,76319233;11,3298563;17,3148549;123,4718867;48,42035734;-5,119183508;-14,08701595;51,97211883;79,62103432;-4,688872651;-0,119594584;-0,277037547;0,354127537;0,687305362;0,170153724;-0,180972243;0,673264858;-0,089570905;-0,282732915;0,352625951;0,667192675;0,168181681;-0,190102622;0,691095247
13,84579294;12,28446406;18,73467204;128,3644417;49,00830941;-6,772916235;-13,79825436;51,71992103;77,61620795;-3,70090265;12,77236007;11,28178703;17,30182104;123,4747532;48,48873888;-5,10912568;-14,11436594;51,9977436;79,46123174;-4,81928778;-0,119579259;-0,277047151;0,354113208;0,687226855;0,170264908;-0,181178737;0,673251086;-0,089573797;-0,282748573;0,352599799;0,667181179;0,168357966;-0,190244534;0,691029466
13,85180301;12,23820294;18,71514281;128,3253574;49,09711867;-6,767100158;-13,79350524;51,73780122;77,44329921;-3,865260581;12,77870065;11,23791494;17,28416933;123,477793;48,56366958;-5,099551097;-14,14810611;52,03651485;79,23814439;-4,952568156;-0,119563323;-0,277060122;0,354099819;0,687169945;0,170368484;-0,181354867;0,673228393;-0,089571156;-0,282764908;0,352580064;0,667150356;0,168515909;-0,190392511;0,690988582